{"id":2,"date":"2017-01-16T14:14:24","date_gmt":"2017-01-16T14:14:24","guid":{"rendered":"https:\/\/dental-clinic.ancorathemes.com\/?page_id=2"},"modified":"2022-09-23T05:03:12","modified_gmt":"2022-09-23T05:03:12","slug":"home-1","status":"publish","type":"page","link":"https:\/\/dental-clinic.ancorathemes.com\/","title":{"rendered":"Home 1"},"content":{"rendered":"<p>[vc_row][vc_column][rev_slider_vc alias=&#8221;slider-1&#8243;][\/vc_column][\/vc_row][vc_row full_width=&#8221;stretch_row&#8221; scheme=&#8221;dark&#8221; css=&#8221;.vc_custom_1491297456651{background-image: url(https:\/\/dental-clinic.ancorathemes.com\/wp-content\/uploads\/2017\/01\/bg-1.png?id=483) !important;background-position: center !important;background-repeat: no-repeat !important;background-size: cover !important;}&#8221;][vc_column][vc_empty_space alter_height=&#8221;medium&#8221; hide_on_mobile=&#8221;&#8221;]<div class=\"sc_services sc_services_default\"><div class=\"sc_services_columns sc_item_columns sc_item_columns_3 trx_addons_columns_wrap columns_padding_bottom\"><div class=\"trx_addons_column-1_3\"><div class=\"sc_services_item with_content with_icon sc_services_item_featured_left\">\n\t<a href=\"https:\/\/dental-clinic.ancorathemes.com\/services\/dental-implants\/\"\n\t\t\t id=\"sc_services_763721703_icon-4\"\n\t\t\t class=\"sc_services_item_icon icon-4\"\n\t\t\t ><\/a>\t\n\t<div class=\"sc_services_item_info\">\n\t\t<div class=\"sc_services_item_header\">\n\t\t\t<h3 class=\"sc_services_item_title\"><a href=\"https:\/\/dental-clinic.ancorathemes.com\/services\/dental-implants\/\">Dental Implants<\/a><\/h3>\n\t\t<\/div>\n\t\t\t\t\t<div class=\"sc_services_item_content\"><p>Dental implants are the closest you can get to healthy, beautiful and natural teeth.<\/p>\n<\/div>\n\t\t\t<\/div>\n<\/div>\n<\/div><div class=\"trx_addons_column-1_3\"><div class=\"sc_services_item with_content with_icon sc_services_item_featured_left\">\n\t<a href=\"https:\/\/dental-clinic.ancorathemes.com\/services\/parodontosis-care\/\"\n\t\t\t id=\"sc_services_763721703_icon-5\"\n\t\t\t class=\"sc_services_item_icon icon-5\"\n\t\t\t ><\/a>\t\n\t<div class=\"sc_services_item_info\">\n\t\t<div class=\"sc_services_item_header\">\n\t\t\t<h3 class=\"sc_services_item_title\"><a href=\"https:\/\/dental-clinic.ancorathemes.com\/services\/parodontosis-care\/\">Parodontosis Care<\/a><\/h3>\n\t\t<\/div>\n\t\t\t\t\t<div class=\"sc_services_item_content\"><p>Timely diagnosed and treated parodontosis disease can save you from tooth loss.<\/p>\n<\/div>\n\t\t\t<\/div>\n<\/div>\n<\/div><div class=\"trx_addons_column-1_3\"><div class=\"sc_services_item with_content with_icon sc_services_item_featured_left\">\n\t<a href=\"https:\/\/dental-clinic.ancorathemes.com\/services\/teeth-whitening\/\"\n\t\t\t id=\"sc_services_763721703_icon-6\"\n\t\t\t class=\"sc_services_item_icon icon-6\"\n\t\t\t ><\/a>\t\n\t<div class=\"sc_services_item_info\">\n\t\t<div class=\"sc_services_item_header\">\n\t\t\t<h3 class=\"sc_services_item_title\"><a href=\"https:\/\/dental-clinic.ancorathemes.com\/services\/teeth-whitening\/\">Teeth Whitening<\/a><\/h3>\n\t\t<\/div>\n\t\t\t\t\t<div class=\"sc_services_item_content\"><p>Teeth Whitening improve how your teeth look by removing stains and discoloration.<\/p>\n<\/div>\n\t\t\t<\/div>\n<\/div>\n<\/div><\/div><\/div><!-- \/.sc_services -->[vc_empty_space height=&#8221;2.5rem&#8221; alter_height=&#8221;none&#8221; hide_on_mobile=&#8221;&#8221;][\/vc_column][\/vc_row][vc_row full_width=&#8221;stretch_row&#8221;][vc_column][vc_empty_space alter_height=&#8221;medium&#8221; hide_on_mobile=&#8221;&#8221; css=&#8221;.vc_custom_1491310900919{margin-top: -0.2rem !important;}&#8221;]<div id=\"sc_title_1959806683\"\n\t\tclass=\"sc_title sc_title_default\"><h6 class=\"sc_item_subtitle sc_title_subtitle sc_align_center sc_item_title_style_default\">New Smiles<\/h6><h2 class=\"sc_item_title sc_title_title sc_align_center sc_item_title_style_default\">Welcome!<\/h2><\/div><!-- \/.sc_title -->[vc_empty_space alter_height=&#8221;medium&#8221; hide_on_mobile=&#8221;&#8221; css=&#8221;.vc_custom_1491310916249{margin-bottom: -1.3rem !important;}&#8221;]<div  id=\"sc_promo_915026248\" \n\tclass=\"sc_promo sc_promo_default sc_promo_size_tiny sc_promo_image_position_right\"><div class=\"sc_promo_image\" style=\"background-image:url(https:\/\/dental-clinic.ancorathemes.com\/wp-content\/uploads\/2017\/01\/image-46.jpg);width:53%;right: 0;\"><div class=\"promo_mask\"><\/div><div class=\"sc_promo_icon\" data-icon=\"icon-video-1\"><a href=\"#video\"><span class=\"icon-video-1\"><\/span><\/a><\/div><\/div><div class=\"sc_promo_text\" style=\"width: 47%;float: left;\">\n\t\t\t<div class=\"sc_promo_text_inner\" style=\" margin:2.9rem -2.9rem 2.95rem 0;background-color:#daeff6;\"><h3 class=\"sc_item_title sc_promo_title sc_align_left sc_item_title_style_default sc_item_title_tag\">We use advanced proven technology to keep your smile looking the best!<\/h3><div class=\"sc_item_descr sc_promo_descr sc_align_left\">We are passionate about smiles and having the latest technology is one step we can take to help save yours!<\/div><div class=\"sc_item_button sc_item_button_default sc_promo_button sc_align_left sc_button_wrap\"><a href=\"\/our-services\/\" id=\"sc_button_380237173\" class=\"sc_button sc_button_default sc_button_size_normal sc_button_icon_left\"><span class=\"sc_button_text\"><span class=\"sc_button_title\">Learn More<\/span><\/span><!-- \/.sc_button_text --><\/a><!-- \/.sc_button --><\/div><!-- \/.sc_item_button sc_item_button_default sc_promo_button sc_align_left --><\/div>\n\t\t<\/div><!-- \/.sc_promo_text --><\/div><!-- \/.sc_promo -->[vc_empty_space alter_height=&#8221;large&#8221; hide_on_mobile=&#8221;&#8221; css=&#8221;.vc_custom_1491297337302{margin-bottom: 2.8rem !important;}&#8221;][\/vc_column][\/vc_row][vc_row full_width=&#8221;stretch_row&#8221; parallax=&#8221;content-moving&#8221; parallax_image=&#8221;599&#8243; scheme=&#8221;dark&#8221; css=&#8221;.vc_custom_1491233753873{background-image: url(https:\/\/dental-clinic.ancorathemes.com\/wp-content\/uploads\/2017\/02\/bg-6.jpg?id=312) !important;background-position: center;background-repeat: no-repeat;background-size: cover !important;}&#8221;][vc_column][vc_empty_space alter_height=&#8221;medium&#8221; hide_on_mobile=&#8221;&#8221;]<div id=\"sc_title_465586749\"\n\t\tclass=\"scheme_dark sc_title sc_title_default\"><h6 class=\"sc_item_subtitle sc_title_subtitle sc_align_center sc_item_title_style_default\">Routine<\/h6><h2 class=\"sc_item_title sc_title_title sc_align_center sc_item_title_style_default\">What We Do<\/h2><\/div><!-- \/.sc_title -->[vc_empty_space alter_height=&#8221;medium&#8221; hide_on_mobile=&#8221;&#8221;]<div class=\"scheme_dark sc_services sc_services_default\"><div class=\"sc_services_columns sc_item_columns sc_item_columns_3 trx_addons_columns_wrap columns_padding_bottom\"><div class=\"trx_addons_column-1_3\"><div class=\"sc_services_item with_content with_image sc_services_item_featured_top\">\n\t<div class=\"post_featured with_thumb hover_icon sc_services_item_thumb\"><img width=\"740\" height=\"480\" src=\"https:\/\/dental-clinic.ancorathemes.com\/wp-content\/uploads\/2017\/02\/image-40-740x480.jpg\" class=\"attachment-dental_clinic-thumb-med size-dental_clinic-thumb-med wp-post-image\" alt=\"Cosmetic Dentistry\" loading=\"lazy\" \/><div class=\"mask\"><\/div><div class=\"icons\"><a href=\"https:\/\/dental-clinic.ancorathemes.com\/services\/cosmetic-dentistry-2\/\" aria-hidden=\"true\" class=\"icon-link\"><\/a><\/div><\/div>\t\n\t<div class=\"sc_services_item_info\">\n\t\t<div class=\"sc_services_item_header\">\n\t\t\t<h3 class=\"sc_services_item_title\"><a href=\"https:\/\/dental-clinic.ancorathemes.com\/services\/cosmetic-dentistry-2\/\">Cosmetic Dentistry<\/a><\/h3>\n\t\t<\/div>\n\t\t\t\t\t<div class=\"sc_services_item_content\"><p>Cosmetic Dentistry refers to the most suitable dental treatments that based on patient&#8217;s  current teeth or gums condition, concerns, desired outcomes and budget. <\/p>\n<\/div>\n\t\t\t<\/div>\n<\/div>\n<\/div><div class=\"trx_addons_column-1_3\"><div class=\"sc_services_item with_content with_image sc_services_item_featured_top\">\n\t<div class=\"post_featured with_thumb hover_icon sc_services_item_thumb\"><img width=\"740\" height=\"480\" src=\"https:\/\/dental-clinic.ancorathemes.com\/wp-content\/uploads\/2017\/02\/image-23-740x480.jpg\" class=\"attachment-dental_clinic-thumb-med size-dental_clinic-thumb-med wp-post-image\" alt=\"Quality Braces\" loading=\"lazy\" \/><div class=\"mask\"><\/div><div class=\"icons\"><a href=\"https:\/\/dental-clinic.ancorathemes.com\/services\/quality-briquettes\/\" aria-hidden=\"true\" class=\"icon-link\"><\/a><\/div><\/div>\t\n\t<div class=\"sc_services_item_info\">\n\t\t<div class=\"sc_services_item_header\">\n\t\t\t<h3 class=\"sc_services_item_title\"><a href=\"https:\/\/dental-clinic.ancorathemes.com\/services\/quality-briquettes\/\">Quality Braces<\/a><\/h3>\n\t\t<\/div>\n\t\t\t\t\t<div class=\"sc_services_item_content\"><p>The purpose of using braces is to make the best of your teeth. This includes allowing you to bite correctly, eat more comfortably, and to care for your teeth and gums more easily. <\/p>\n<\/div>\n\t\t\t<\/div>\n<\/div>\n<\/div><div class=\"trx_addons_column-1_3\"><div class=\"sc_services_item with_content with_image sc_services_item_featured_top\">\n\t<div class=\"post_featured with_thumb hover_icon sc_services_item_thumb\"><img width=\"740\" height=\"480\" src=\"https:\/\/dental-clinic.ancorathemes.com\/wp-content\/uploads\/2017\/02\/image-49-740x480.jpg\" class=\"attachment-dental_clinic-thumb-med size-dental_clinic-thumb-med wp-post-image\" alt=\"General Dentistry\" loading=\"lazy\" \/><div class=\"mask\"><\/div><div class=\"icons\"><a href=\"https:\/\/dental-clinic.ancorathemes.com\/services\/general-dentistry\/\" aria-hidden=\"true\" class=\"icon-link\"><\/a><\/div><\/div>\t\n\t<div class=\"sc_services_item_info\">\n\t\t<div class=\"sc_services_item_header\">\n\t\t\t<h3 class=\"sc_services_item_title\"><a href=\"https:\/\/dental-clinic.ancorathemes.com\/services\/general-dentistry\/\">General Dentistry<\/a><\/h3>\n\t\t<\/div>\n\t\t\t\t\t<div class=\"sc_services_item_content\"><p>General dentistry covers a wide range of procedures. The goal of general dentistry is to remove all disease from your mouth and repair broken down teeth, giving you a perfect smile!<\/p>\n<\/div>\n\t\t\t<\/div>\n<\/div>\n<\/div><\/div><\/div><!-- \/.sc_services --><div class=\"sc_item_button sc_button_wrap sc_align_center\"><a href=\"\/appointment\/\" id=\"sc_button_1303742235\" class=\"sc_button sc_button_default sc_button_size_large sc_button_icon_left\"><span class=\"sc_button_text\"><span class=\"sc_button_title\">Make an Appointment<\/span><\/span><!-- \/.sc_button_text --><\/a><!-- \/.sc_button --><\/div><!-- \/.sc_item_button -->[vc_empty_space alter_height=&#8221;large&#8221; hide_on_mobile=&#8221;&#8221; css=&#8221;.vc_custom_1491233806790{margin-top: 2.2rem !important;}&#8221;][\/vc_column][\/vc_row][vc_row full_width=&#8221;stretch_row&#8221; equal_height=&#8221;yes&#8221; content_placement=&#8221;middle&#8221; css=&#8221;.vc_custom_1491314529772{background-color: #fdfdfd !important;}&#8221;][vc_column width=&#8221;5\/12&#8243; icons_position=&#8221;left&#8221; offset=&#8221;vc_hidden-sm vc_hidden-xs&#8221;][vc_single_image image=&#8221;719&#8243; img_size=&#8221;full&#8221; alignment=&#8221;right&#8221;][\/vc_column][vc_column width=&#8221;1\/2&#8243; icons_position=&#8221;left&#8221; offset=&#8221;vc_hidden-sm vc_hidden-xs&#8221;][vc_column_text]<\/p>\n<h2 class=\"trx_addons_no_margin\"><span class=\"trx_addons_accent\">Dr. Jane Morrison<\/span><\/h2>\n<p>[\/vc_column_text][vc_column_text css=&#8221;.vc_custom_1491315256365{margin-top: -0.15rem !important;margin-bottom: 3rem !important;}&#8221;]<\/p>\n<h3 class=\"trx_addons_no_margin\">There\u2019s A Lot You Can Do To Prevent Tooth Loss!<\/h3>\n<p>[\/vc_column_text][vc_progress_bar values=&#8221;%5B%7B%22label%22%3A%22Pediatric%20Dentistry%22%2C%22value%22%3A%2267%22%7D%2C%7B%22label%22%3A%22Gum%20Disease%22%2C%22value%22%3A%2289%22%7D%2C%7B%22label%22%3A%22Orthodontics%22%2C%22value%22%3A%2272%22%7D%5D&#8221; bgcolor=&#8221;turquoise&#8221; narrow=&#8221;1&#8243; units=&#8221;%&#8221;][\/vc_column][\/vc_row][vc_row full_width=&#8221;stretch_row&#8221; css=&#8221;.vc_custom_1486457698330{background-color: #f1f6f9 !important;}&#8221;][vc_column icons_position=&#8221;left&#8221;][vc_empty_space alter_height=&#8221;medium&#8221; hide_on_mobile=&#8221;&#8221; css=&#8221;.vc_custom_1490868920184{margin-bottom: -0.8rem !important;}&#8221;]<div class=\"sc_services sc_services_light\"><h6 class=\"sc_item_subtitle sc_services_subtitle sc_align_center sc_item_title_style_default\">Why Choose Us<\/h6><h2 class=\"sc_item_title sc_services_title sc_align_center sc_item_title_style_default\">Our Services<\/h2><div class=\"sc_services_columns sc_item_columns sc_item_columns_4 trx_addons_columns_wrap columns_padding_bottom\"><div class=\"trx_addons_column-1_4\"><div class=\"sc_services_item with_content with_icon sc_services_item_featured_top\">\n\t<a href=\"https:\/\/dental-clinic.ancorathemes.com\/services\/cavity-protection\/\"\n\t\t\t id=\"sc_services_1617738734_icon-8\"\n\t\t\t class=\"sc_services_item_icon icon-8\"\n\t\t\t ><\/a>\t\n\t<div class=\"sc_services_item_info\">\n\t\t<div class=\"sc_services_item_header\">\n\t\t\t\t\t\t<h3 class=\"sc_services_item_title\"><a href=\"https:\/\/dental-clinic.ancorathemes.com\/services\/cavity-protection\/\">Cavity Protection<\/a><\/h3>\n\t\t<\/div>\n\t\t\t\t\t<div class=\"sc_services_item_content\"><p>Will help strengthen teeth and leave your mouth feeling fresh.<\/p>\n<\/div>\n\t\t\t<\/div>\n<\/div>\n<\/div><div class=\"trx_addons_column-1_4\"><div class=\"sc_services_item with_content with_icon sc_services_item_featured_top\">\n\t<a href=\"https:\/\/dental-clinic.ancorathemes.com\/services\/implant-dentistry\/\"\n\t\t\t id=\"sc_services_1617738734_icon-4\"\n\t\t\t class=\"sc_services_item_icon icon-4\"\n\t\t\t ><\/a>\t\n\t<div class=\"sc_services_item_info\">\n\t\t<div class=\"sc_services_item_header\">\n\t\t\t\t\t\t<h3 class=\"sc_services_item_title\"><a href=\"https:\/\/dental-clinic.ancorathemes.com\/services\/implant-dentistry\/\">Implant Dentistry<\/a><\/h3>\n\t\t<\/div>\n\t\t\t\t\t<div class=\"sc_services_item_content\"><p>Dental implants are the closest you can get to healthy, natural teeth. <\/p>\n<\/div>\n\t\t\t<\/div>\n<\/div>\n<\/div><div class=\"trx_addons_column-1_4\"><div class=\"sc_services_item with_content with_icon sc_services_item_featured_top\">\n\t<a href=\"https:\/\/dental-clinic.ancorathemes.com\/services\/cosmetic-dentistry\/\"\n\t\t\t id=\"sc_services_1617738734_icon-10\"\n\t\t\t class=\"sc_services_item_icon icon-10\"\n\t\t\t ><\/a>\t\n\t<div class=\"sc_services_item_info\">\n\t\t<div class=\"sc_services_item_header\">\n\t\t\t\t\t\t<h3 class=\"sc_services_item_title\"><a href=\"https:\/\/dental-clinic.ancorathemes.com\/services\/cosmetic-dentistry\/\">Cosmetic Dentistry<\/a><\/h3>\n\t\t<\/div>\n\t\t\t\t\t<div class=\"sc_services_item_content\"><p>Cosmetic Dentistry improve the appearance of an individual&#8217;s teeth.<\/p>\n<\/div>\n\t\t\t<\/div>\n<\/div>\n<\/div><div class=\"trx_addons_column-1_4\"><div class=\"sc_services_item with_content with_icon sc_services_item_featured_top\">\n\t<a href=\"https:\/\/dental-clinic.ancorathemes.com\/services\/paradontosis\/\"\n\t\t\t id=\"sc_services_1617738734_icon-11\"\n\t\t\t class=\"sc_services_item_icon icon-11\"\n\t\t\t ><\/a>\t\n\t<div class=\"sc_services_item_info\">\n\t\t<div class=\"sc_services_item_header\">\n\t\t\t\t\t\t<h3 class=\"sc_services_item_title\"><a href=\"https:\/\/dental-clinic.ancorathemes.com\/services\/paradontosis\/\">Parodontosis<\/a><\/h3>\n\t\t<\/div>\n\t\t\t\t\t<div class=\"sc_services_item_content\"><p>Timely treated parodontosis disease can save you from tooth loss.<\/p>\n<\/div>\n\t\t\t<\/div>\n<\/div>\n<\/div><div class=\"trx_addons_column-1_4\"><div class=\"sc_services_item with_content with_icon sc_services_item_featured_top\">\n\t<a href=\"https:\/\/dental-clinic.ancorathemes.com\/services\/dental-radiography\/\"\n\t\t\t id=\"sc_services_1617738734_icon-12\"\n\t\t\t class=\"sc_services_item_icon icon-12\"\n\t\t\t ><\/a>\t\n\t<div class=\"sc_services_item_info\">\n\t\t<div class=\"sc_services_item_header\">\n\t\t\t\t\t\t<h3 class=\"sc_services_item_title\"><a href=\"https:\/\/dental-clinic.ancorathemes.com\/services\/dental-radiography\/\">Dental Radiography<\/a><\/h3>\n\t\t<\/div>\n\t\t\t\t\t<div class=\"sc_services_item_content\"><p>Dental X-rays are a useful tool that help to diagnose and plan treatments. <\/p>\n<\/div>\n\t\t\t<\/div>\n<\/div>\n<\/div><div class=\"trx_addons_column-1_4\"><div class=\"sc_services_item with_content with_icon sc_services_item_featured_top\">\n\t<a href=\"https:\/\/dental-clinic.ancorathemes.com\/services\/tooth-restorations\/\"\n\t\t\t id=\"sc_services_1617738734_icon-13\"\n\t\t\t class=\"sc_services_item_icon icon-13\"\n\t\t\t ><\/a>\t\n\t<div class=\"sc_services_item_info\">\n\t\t<div class=\"sc_services_item_header\">\n\t\t\t\t\t\t<h3 class=\"sc_services_item_title\"><a href=\"https:\/\/dental-clinic.ancorathemes.com\/services\/tooth-restorations\/\">Tooth Restorations<\/a><\/h3>\n\t\t<\/div>\n\t\t\t\t\t<div class=\"sc_services_item_content\"><p>We can replace missing teeth or repair missing parts of the tooth structure.<\/p>\n<\/div>\n\t\t\t<\/div>\n<\/div>\n<\/div><div class=\"trx_addons_column-1_4\"><div class=\"sc_services_item with_content with_icon sc_services_item_featured_top\">\n\t<a href=\"https:\/\/dental-clinic.ancorathemes.com\/services\/sedation-dentistry\/\"\n\t\t\t id=\"sc_services_1617738734_icon-14\"\n\t\t\t class=\"sc_services_item_icon icon-14\"\n\t\t\t ><\/a>\t\n\t<div class=\"sc_services_item_info\">\n\t\t<div class=\"sc_services_item_header\">\n\t\t\t\t\t\t<h3 class=\"sc_services_item_title\"><a href=\"https:\/\/dental-clinic.ancorathemes.com\/services\/sedation-dentistry\/\">Sedation Dentistry<\/a><\/h3>\n\t\t<\/div>\n\t\t\t\t\t<div class=\"sc_services_item_content\"><p>We can use medication to help patients relax during dental procedures.<\/p>\n<\/div>\n\t\t\t<\/div>\n<\/div>\n<\/div><div class=\"trx_addons_column-1_4\"><div class=\"sc_services_item with_content with_icon sc_services_item_featured_top\">\n\t<a href=\"https:\/\/dental-clinic.ancorathemes.com\/services\/crowns-bridges\/\"\n\t\t\t id=\"sc_services_1617738734_icon-16\"\n\t\t\t class=\"sc_services_item_icon icon-16\"\n\t\t\t ><\/a>\t\n\t<div class=\"sc_services_item_info\">\n\t\t<div class=\"sc_services_item_header\">\n\t\t\t\t\t\t<h3 class=\"sc_services_item_title\"><a href=\"https:\/\/dental-clinic.ancorathemes.com\/services\/crowns-bridges\/\">Crowns &#038; Bridges<\/a><\/h3>\n\t\t<\/div>\n\t\t\t\t\t<div class=\"sc_services_item_content\"><p>We&#8217;ll design, produce and insert ceramic structure all in one single appointment.<\/p>\n<\/div>\n\t\t\t<\/div>\n<\/div>\n<\/div><\/div><\/div><!-- \/.sc_services -->[vc_empty_space alter_height=&#8221;medium&#8221; hide_on_mobile=&#8221;&#8221; css=&#8221;.vc_custom_1490873426401{margin-bottom: -0.2rem !important;}&#8221;][\/vc_column][\/vc_row][vc_row full_width=&#8221;stretch_row&#8221; parallax=&#8221;content-moving&#8221; parallax_image=&#8221;600&#8243; scheme=&#8221;dark&#8221; css=&#8221;.vc_custom_1490945074622{background-image: url(https:\/\/dental-clinic.ancorathemes.com\/wp-content\/uploads\/2017\/02\/bg-4.jpg?id=269) !important;background-position: center;background-repeat: no-repeat;background-size: cover !important;}&#8221;][vc_column icons_position=&#8221;left&#8221;][vc_empty_space alter_height=&#8221;medium&#8221; hide_on_mobile=&#8221;&#8221; css=&#8221;.vc_custom_1490945032211{margin-bottom: -0.3rem !important;}&#8221;]<div class=\"sc_testimonials sc_testimonials_default\"><h6 class=\"sc_item_subtitle sc_testimonials_subtitle sc_align_center sc_item_title_style_default\">They Say<\/h6><h2 class=\"sc_item_title sc_testimonials_title sc_align_center sc_item_title_style_default\">Testimonials<\/h2><div class=\"sc_testimonials_columns sc_item_columns trx_addons_columns_wrap columns_padding_bottom\"><div class=\"trx_addons_column-1_3\"><div class=\"sc_testimonials_item\">\n\t<div class=\"sc_testimonials_item_content\"><p>Lorem ipsum dolor sit amet, consecng elit. Praesent vestibulum molestie lacus. Aenean nonu hen aurisllus porta. Fusce suscipit varius mi.<\/p>\n<\/div>\n\t<div class=\"sc_testimonials_item_author\">\n\t\t\t\t\t<div class=\"sc_testimonials_item_author_avatar\"><img width=\"90\" height=\"90\" src=\"https:\/\/dental-clinic.ancorathemes.com\/wp-content\/uploads\/2017\/02\/image-28-90x90.jpg\" class=\"attachment-dental_clinic-thumb-tiny size-dental_clinic-thumb-tiny wp-post-image\" alt=\"Gregory Bowman\" loading=\"lazy\" srcset=\"https:\/\/dental-clinic.ancorathemes.com\/wp-content\/uploads\/2017\/02\/image-28-90x90.jpg 90w, https:\/\/dental-clinic.ancorathemes.com\/wp-content\/uploads\/2017\/02\/image-28-300x300.jpg 300w, https:\/\/dental-clinic.ancorathemes.com\/wp-content\/uploads\/2017\/02\/image-28-150x150.jpg 150w, https:\/\/dental-clinic.ancorathemes.com\/wp-content\/uploads\/2017\/02\/image-28-370x370.jpg 370w, https:\/\/dental-clinic.ancorathemes.com\/wp-content\/uploads\/2017\/02\/image-28-100x100.jpg 100w, https:\/\/dental-clinic.ancorathemes.com\/wp-content\/uploads\/2017\/02\/image-28.jpg 500w\" sizes=\"(max-width: 90px) 100vw, 90px\" \/><\/div>\n\t\t\t\t<div class=\"sc_testimonials_item_author_data\">\n\t\t\t<h4 class=\"sc_testimonials_item_author_title\">Gregory Bowman<\/h4>\n\t\t\t<div class=\"sc_testimonials_item_author_subtitle\">A happy patient, Seattle<\/div>\n\t\t<\/div>\n\t<\/div>\n<\/div>\n<\/div><div class=\"trx_addons_column-1_3\"><div class=\"sc_testimonials_item\">\n\t<div class=\"sc_testimonials_item_content\"><p>The friendly atmosphere and state of the art interior makes you relax. I have had a dental phobia most of my life, but it&#8217;s gone after just one visit here!<\/p>\n<\/div>\n\t<div class=\"sc_testimonials_item_author\">\n\t\t\t\t\t<div class=\"sc_testimonials_item_author_avatar\"><img width=\"90\" height=\"90\" src=\"https:\/\/dental-clinic.ancorathemes.com\/wp-content\/uploads\/2017\/02\/image-29-90x90.jpg\" class=\"attachment-dental_clinic-thumb-tiny size-dental_clinic-thumb-tiny wp-post-image\" alt=\"Helen Smith\" loading=\"lazy\" srcset=\"https:\/\/dental-clinic.ancorathemes.com\/wp-content\/uploads\/2017\/02\/image-29-90x90.jpg 90w, https:\/\/dental-clinic.ancorathemes.com\/wp-content\/uploads\/2017\/02\/image-29-300x300.jpg 300w, https:\/\/dental-clinic.ancorathemes.com\/wp-content\/uploads\/2017\/02\/image-29-150x150.jpg 150w, https:\/\/dental-clinic.ancorathemes.com\/wp-content\/uploads\/2017\/02\/image-29-370x370.jpg 370w, https:\/\/dental-clinic.ancorathemes.com\/wp-content\/uploads\/2017\/02\/image-29-100x100.jpg 100w, https:\/\/dental-clinic.ancorathemes.com\/wp-content\/uploads\/2017\/02\/image-29.jpg 500w\" sizes=\"(max-width: 90px) 100vw, 90px\" \/><\/div>\n\t\t\t\t<div class=\"sc_testimonials_item_author_data\">\n\t\t\t<h4 class=\"sc_testimonials_item_author_title\">Helen Smith<\/h4>\n\t\t\t<div class=\"sc_testimonials_item_author_subtitle\">A happy patient, New York<\/div>\n\t\t<\/div>\n\t<\/div>\n<\/div>\n<\/div><div class=\"trx_addons_column-1_3\"><div class=\"sc_testimonials_item\">\n\t<div class=\"sc_testimonials_item_content\"><p>After visiting a number of dentists over the years, I have finally found one who I trust, without a doubt the most caring and professional staff. <\/p>\n<\/div>\n\t<div class=\"sc_testimonials_item_author\">\n\t\t\t\t\t<div class=\"sc_testimonials_item_author_avatar\"><img width=\"90\" height=\"90\" src=\"https:\/\/dental-clinic.ancorathemes.com\/wp-content\/uploads\/2017\/02\/image-28-90x90.jpg\" class=\"attachment-dental_clinic-thumb-tiny size-dental_clinic-thumb-tiny wp-post-image\" alt=\"Gregory Bowman\" loading=\"lazy\" srcset=\"https:\/\/dental-clinic.ancorathemes.com\/wp-content\/uploads\/2017\/02\/image-28-90x90.jpg 90w, https:\/\/dental-clinic.ancorathemes.com\/wp-content\/uploads\/2017\/02\/image-28-300x300.jpg 300w, https:\/\/dental-clinic.ancorathemes.com\/wp-content\/uploads\/2017\/02\/image-28-150x150.jpg 150w, https:\/\/dental-clinic.ancorathemes.com\/wp-content\/uploads\/2017\/02\/image-28-370x370.jpg 370w, https:\/\/dental-clinic.ancorathemes.com\/wp-content\/uploads\/2017\/02\/image-28-100x100.jpg 100w, https:\/\/dental-clinic.ancorathemes.com\/wp-content\/uploads\/2017\/02\/image-28.jpg 500w\" sizes=\"(max-width: 90px) 100vw, 90px\" \/><\/div>\n\t\t\t\t<div class=\"sc_testimonials_item_author_data\">\n\t\t\t<h4 class=\"sc_testimonials_item_author_title\">Gregory Bowman<\/h4>\n\t\t\t<div class=\"sc_testimonials_item_author_subtitle\">A happy patient, Seattle<\/div>\n\t\t<\/div>\n\t<\/div>\n<\/div>\n<\/div><\/div><\/div><!-- \/.sc_testimonials -->[vc_empty_space alter_height=&#8221;large&#8221; hide_on_mobile=&#8221;&#8221; css=&#8221;.vc_custom_1491289722687{margin-bottom: 2.8rem !important;}&#8221;][\/vc_column][\/vc_row][vc_row][vc_column][vc_empty_space alter_height=&#8221;medium&#8221; hide_on_mobile=&#8221;&#8221;]<div id=\"sc_title_687028762\"\n\t\tclass=\"sc_title sc_title_default\"><h6 class=\"sc_item_subtitle sc_title_subtitle sc_align_center sc_item_title_style_default\">Cleanings<\/h6><h2 class=\"sc_item_title sc_title_title sc_align_center sc_item_title_style_default\">Success Stories<\/h2><\/div><!-- \/.sc_title -->[vc_empty_space alter_height=&#8221;medium&#8221; hide_on_mobile=&#8221;&#8221;]<div  id=\"sc_promo_189926748\" \n\tclass=\"sc_promo sc_promo_default sc_promo_size_tiny sc_promo_image_position_left\"><div class=\"sc_promo_image\" style=\"background-image:url(https:\/\/dental-clinic.ancorathemes.com\/wp-content\/uploads\/2017\/01\/image-48.jpg);width:50%;left: 0;\"><\/div><div class=\"sc_promo_text\" style=\"width: 50%;float: right;\">\n\t\t\t<div class=\"sc_promo_text_inner\" style=\"background-color:#dbf0f6;\"><h2 class=\"sc_item_title sc_promo_title sc_align_left sc_item_title_style_default\">Try Deep Teeth Whitening<\/h2><div class=\"sc_item_descr sc_promo_descr sc_align_left\">Tooth whitening is among the most popular cosmetic dental procedures because it can greatly improve how your teeth look by removing stains and discoloration.<\/div><div class=\"sc_promo_content sc_item_content\">[vc_single_image image=&#8221;738&#8243; img_size=&#8221;full&#8221;]<\/div><\/div>\n\t\t<\/div><!-- \/.sc_promo_text --><\/div><!-- \/.sc_promo -->[\/vc_column][\/vc_row][vc_row][vc_column][vc_empty_space alter_height=&#8221;medium&#8221; hide_on_mobile=&#8221;&#8221;]<div id=\"sc_title_1635903979\"\n\t\tclass=\"sc_title sc_title_default\"><h6 class=\"sc_item_subtitle sc_title_subtitle sc_align_center sc_item_title_style_default\">our shop<\/h6><h2 class=\"sc_item_title sc_title_title sc_align_center sc_item_title_style_default\">New Products<\/h2><\/div><!-- \/.sc_title -->[vc_empty_space alter_height=&#8221;medium&#8221; hide_on_mobile=&#8221;&#8221; css=&#8221;.vc_custom_1491376508942{margin-top: -1.6rem !important;}&#8221;]<div class=\"woocommerce columns-5 \"><ul class=\"products columns-5\">\n<li class=\"product type-product post-347 status-publish first instock product_cat-mouthwash product_cat-tongue-cleaners product_cat-toothpaste product_tag-care product_tag-mouthwash product_tag-natural product_tag-toothpaste has-post-thumbnail shipping-taxable purchasable product-type-simple\">\n\t\t\t<div class=\"post_item post_layout_thumbs\">\n\t\t\t<div class=\"post_featured hover_shop\">\n\t\t\t\t<a href=\"https:\/\/dental-clinic.ancorathemes.com\/product\/liquid-toothpaste\/\">\n\t\t\t\t\t\t<\/a>\n\t\t\t\t<div class=\"mask\"><\/div>\t\t\t<div class=\"icons\">\n\t\t\t\t<a rel=\"nofollow\" href=\"?add-to-cart=347\" \n\t\t\t\t\t\t\t\t\t\t\t\t\t\taria-hidden=\"true\" \n\t\t\t\t\t\t\t\t\t\t\t\t\t\tdata-quantity=\"1\" \n\t\t\t\t\t\t\t\t\t\t\t\t\t\tdata-product_id=\"347\"\n\t\t\t\t\t\t\t\t\t\t\t\t\t\tdata-product_sku=\"\"\n\t\t\t\t\t\t\t\t\t\t\t\t\t\tclass=\"shop_cart icon-cart-2 button add_to_cart_button product_type_simple ajax_add_to_cart\"><\/a><a href=\"https:\/\/dental-clinic.ancorathemes.com\/product\/liquid-toothpaste\/\" aria-hidden=\"true\" class=\"shop_link button icon-link\"><\/a>\n\t\t\t<\/div>\n\t\t\t\t\t\t<\/div><!-- \/.post_featured -->\n\t\t\t<div class=\"post_data\">\n\t\t\t\t<div class=\"post_header entry-header\">\n\t\t\t\t<span class=\"price\"><span class=\"woocommerce-Price-amount amount\"><bdi><span class=\"woocommerce-Price-currencySymbol\">&#36;<\/span>12.99<\/bdi><\/span><\/span>\t\t\t<\/div><!-- \/.post_header -->\n\t\t\t\t\t<\/div><!-- \/.post_data -->\n\t\t<\/div><!-- \/.post_item -->\n\t\t<\/li>\n<li class=\"product type-product post-345 status-publish instock product_cat-toothbrushes product_tag-care product_tag-gentle product_tag-toothbrush has-post-thumbnail shipping-taxable purchasable product-type-simple\">\n\t\t\t<div class=\"post_item post_layout_thumbs\">\n\t\t\t<div class=\"post_featured hover_shop\">\n\t\t\t\t<a href=\"https:\/\/dental-clinic.ancorathemes.com\/product\/sensi-soft-toothbrush\/\">\n\t\t\t\t\t\t<\/a>\n\t\t\t\t<div class=\"mask\"><\/div>\t\t\t<div class=\"icons\">\n\t\t\t\t<a rel=\"nofollow\" href=\"?add-to-cart=345\" \n\t\t\t\t\t\t\t\t\t\t\t\t\t\taria-hidden=\"true\" \n\t\t\t\t\t\t\t\t\t\t\t\t\t\tdata-quantity=\"1\" \n\t\t\t\t\t\t\t\t\t\t\t\t\t\tdata-product_id=\"345\"\n\t\t\t\t\t\t\t\t\t\t\t\t\t\tdata-product_sku=\"\"\n\t\t\t\t\t\t\t\t\t\t\t\t\t\tclass=\"shop_cart icon-cart-2 button add_to_cart_button product_type_simple ajax_add_to_cart\"><\/a><a href=\"https:\/\/dental-clinic.ancorathemes.com\/product\/sensi-soft-toothbrush\/\" aria-hidden=\"true\" class=\"shop_link button icon-link\"><\/a>\n\t\t\t<\/div>\n\t\t\t\t\t\t<\/div><!-- \/.post_featured -->\n\t\t\t<div class=\"post_data\">\n\t\t\t\t<div class=\"post_header entry-header\">\n\t\t\t\t<span class=\"price\"><span class=\"woocommerce-Price-amount amount\"><bdi><span class=\"woocommerce-Price-currencySymbol\">&#36;<\/span>13.99<\/bdi><\/span><\/span>\t\t\t<\/div><!-- \/.post_header -->\n\t\t\t\t\t<\/div><!-- \/.post_data -->\n\t\t<\/div><!-- \/.post_item -->\n\t\t<\/li>\n<li class=\"product type-product post-343 status-publish instock product_cat-dental-floss product_cat-tongue-cleaners product_cat-toothbrushes product_tag-floss product_tag-toothbrush has-post-thumbnail shipping-taxable purchasable product-type-simple\">\n\t\t\t<div class=\"post_item post_layout_thumbs\">\n\t\t\t<div class=\"post_featured hover_shop\">\n\t\t\t\t<a href=\"https:\/\/dental-clinic.ancorathemes.com\/product\/complete-care-water-flosser\/\">\n\t\t\t\t\t\t<\/a>\n\t\t\t\t<div class=\"mask\"><\/div>\t\t\t<div class=\"icons\">\n\t\t\t\t<a rel=\"nofollow\" href=\"?add-to-cart=343\" \n\t\t\t\t\t\t\t\t\t\t\t\t\t\taria-hidden=\"true\" \n\t\t\t\t\t\t\t\t\t\t\t\t\t\tdata-quantity=\"1\" \n\t\t\t\t\t\t\t\t\t\t\t\t\t\tdata-product_id=\"343\"\n\t\t\t\t\t\t\t\t\t\t\t\t\t\tdata-product_sku=\"\"\n\t\t\t\t\t\t\t\t\t\t\t\t\t\tclass=\"shop_cart icon-cart-2 button add_to_cart_button product_type_simple ajax_add_to_cart\"><\/a><a href=\"https:\/\/dental-clinic.ancorathemes.com\/product\/complete-care-water-flosser\/\" aria-hidden=\"true\" class=\"shop_link button icon-link\"><\/a>\n\t\t\t<\/div>\n\t\t\t\t\t\t<\/div><!-- \/.post_featured -->\n\t\t\t<div class=\"post_data\">\n\t\t\t\t<div class=\"post_header entry-header\">\n\t\t\t\t<span class=\"price\"><span class=\"woocommerce-Price-amount amount\"><bdi><span class=\"woocommerce-Price-currencySymbol\">&#36;<\/span>40.99<\/bdi><\/span><\/span>\t\t\t<\/div><!-- \/.post_header -->\n\t\t\t\t\t<\/div><!-- \/.post_data -->\n\t\t<\/div><!-- \/.post_item -->\n\t\t<\/li>\n<li class=\"product type-product post-341 status-publish instock product_cat-mouthwash product_cat-tongue-cleaners product_tag-mouthwash has-post-thumbnail shipping-taxable purchasable product-type-simple\">\n\t\t\t<div class=\"post_item post_layout_thumbs\">\n\t\t\t<div class=\"post_featured hover_shop\">\n\t\t\t\t<a href=\"https:\/\/dental-clinic.ancorathemes.com\/product\/antiseptic-mouthwash-2\/\">\n\t\t\t\t\t\t<\/a>\n\t\t\t\t<div class=\"mask\"><\/div>\t\t\t<div class=\"icons\">\n\t\t\t\t<a rel=\"nofollow\" href=\"?add-to-cart=341\" \n\t\t\t\t\t\t\t\t\t\t\t\t\t\taria-hidden=\"true\" \n\t\t\t\t\t\t\t\t\t\t\t\t\t\tdata-quantity=\"1\" \n\t\t\t\t\t\t\t\t\t\t\t\t\t\tdata-product_id=\"341\"\n\t\t\t\t\t\t\t\t\t\t\t\t\t\tdata-product_sku=\"\"\n\t\t\t\t\t\t\t\t\t\t\t\t\t\tclass=\"shop_cart icon-cart-2 button add_to_cart_button product_type_simple ajax_add_to_cart\"><\/a><a href=\"https:\/\/dental-clinic.ancorathemes.com\/product\/antiseptic-mouthwash-2\/\" aria-hidden=\"true\" class=\"shop_link button icon-link\"><\/a>\n\t\t\t<\/div>\n\t\t\t\t\t\t<\/div><!-- \/.post_featured -->\n\t\t\t<div class=\"post_data\">\n\t\t\t\t<div class=\"post_header entry-header\">\n\t\t\t\t<span class=\"price\"><span class=\"woocommerce-Price-amount amount\"><bdi><span class=\"woocommerce-Price-currencySymbol\">&#36;<\/span>14.99<\/bdi><\/span><\/span>\t\t\t<\/div><!-- \/.post_header -->\n\t\t\t\t\t<\/div><!-- \/.post_data -->\n\t\t<\/div><!-- \/.post_item -->\n\t\t<\/li>\n<li class=\"product type-product post-338 status-publish last instock product_cat-toothpaste product_tag-childrens product_tag-fluoride-free product_tag-toothpaste has-post-thumbnail shipping-taxable purchasable product-type-simple\">\n\t\t\t<div class=\"post_item post_layout_thumbs\">\n\t\t\t<div class=\"post_featured hover_shop\">\n\t\t\t\t<a href=\"https:\/\/dental-clinic.ancorathemes.com\/product\/fluoride-free-toothpaste-2\/\">\n\t\t\t\t\t\t<\/a>\n\t\t\t\t<div class=\"mask\"><\/div>\t\t\t<div class=\"icons\">\n\t\t\t\t<a rel=\"nofollow\" href=\"?add-to-cart=338\" \n\t\t\t\t\t\t\t\t\t\t\t\t\t\taria-hidden=\"true\" \n\t\t\t\t\t\t\t\t\t\t\t\t\t\tdata-quantity=\"1\" \n\t\t\t\t\t\t\t\t\t\t\t\t\t\tdata-product_id=\"338\"\n\t\t\t\t\t\t\t\t\t\t\t\t\t\tdata-product_sku=\"\"\n\t\t\t\t\t\t\t\t\t\t\t\t\t\tclass=\"shop_cart icon-cart-2 button add_to_cart_button product_type_simple ajax_add_to_cart\"><\/a><a href=\"https:\/\/dental-clinic.ancorathemes.com\/product\/fluoride-free-toothpaste-2\/\" aria-hidden=\"true\" class=\"shop_link button icon-link\"><\/a>\n\t\t\t<\/div>\n\t\t\t\t\t\t<\/div><!-- \/.post_featured -->\n\t\t\t<div class=\"post_data\">\n\t\t\t\t<div class=\"post_header entry-header\">\n\t\t\t\t<span class=\"price\"><span class=\"woocommerce-Price-amount amount\"><bdi><span class=\"woocommerce-Price-currencySymbol\">&#36;<\/span>12.99<\/bdi><\/span><\/span>\t\t\t<\/div><!-- \/.post_header -->\n\t\t\t\t\t<\/div><!-- \/.post_data -->\n\t\t<\/div><!-- \/.post_item -->\n\t\t<\/li>\n<\/ul>\n<\/div>[vc_empty_space alter_height=&#8221;large&#8221; hide_on_mobile=&#8221;&#8221; css=&#8221;.vc_custom_1491377845121{margin-bottom: -1.2rem !important;}&#8221;][\/vc_column][\/vc_row][vc_row full_width=&#8221;stretch_row&#8221; css=&#8221;.vc_custom_1486460773205{background-image: url(https:\/\/dental-clinic.ancorathemes.com\/wp-content\/uploads\/2017\/02\/bg-3.jpg?id=259) !important;background-position: center !important;background-repeat: no-repeat !important;background-size: cover !important;}&#8221;][vc_column icons_position=&#8221;left&#8221;][vc_empty_space alter_height=&#8221;medium&#8221; hide_on_mobile=&#8221;&#8221;]<div id=\"sc_title_1558677779\"\n\t\tclass=\"sc_title sc_title_default\"><h6 class=\"sc_item_subtitle sc_title_subtitle sc_align_center sc_item_title_style_default\">Clinic<\/h6><h2 class=\"sc_item_title sc_title_title sc_align_center sc_item_title_style_default\">Gallery<\/h2><\/div><!-- \/.sc_title -->[vc_empty_space alter_height=&#8221;medium&#8221; hide_on_mobile=&#8221;&#8221;][vc_row_inner][vc_column_inner width=&#8221;1\/3&#8243; icons_position=&#8221;left&#8221;]<div class=\" cq-flipbox-container cq-rightleft\" data-frontbg=\"#CCD1D9\" data-backbg=\"#AAB2BD\" data-fontcolor=\"\" data-face1=\"cq-flipbox-front\" data-face2=\"cq-flipbox-back\" data-flipdirection=\"rightleft\" data-elementheight=\"240px\" data-avatarsize=\"99\" data-frontcontentcolor=\"\" data-backcontentcolor=\"#ffffff\" data-titlesize=\"1.714rem\" data-contentsize=\"1rem\" data-contentwidth=\"\" data-iconcolor=\"\" data-iconbg=\"\" data-elementmargin=\"0 0 0 0\" data-elementwidth=\"\" data-cardborder=\"\" data-cardbordersize=\"\" data-bordercolor=\"#999\" data-backbuttonbg=\"\" data-backbuttonhoverbg=\"\" data-contentmargintop=\"\" data-cardshape=\"square\" data-frontfullimage=\"https:\/\/dental-clinic.ancorathemes.com\/wp-content\/uploads\/2017\/02\/image-23.jpg\" data-avatartype=\"none\" data-backfullimage=\"https:\/\/dental-clinic.ancorathemes.com\/wp-content\/uploads\/2017\/02\/image-23.jpg\" data-backavatar=\"image\"><a href=\"https:\/\/dental-clinic.ancorathemes.com\/wp-content\/uploads\/2017\/02\/image-23.jpg\" title=\"\" target=\"\" class=\"cq-flipbox-link\"><div class=\"cq-flipbox-flipper\"><div class=\"cq-flipbox-item cq-flipbox-front\" onclick=\"\"><div class=\"cq-flipbox-content\"><\/div><\/div><div class=\"cq-flipbox-item cq-flipbox-back\" onclick=\"\"><div class=\"cq-flipbox-content\"><img src=\"https:\/\/dental-clinic.ancorathemes.com\/wp-content\/uploads\/2017\/02\/image-23-198x198.jpg\" width=\"99\" height=\"99\" class=\"cq-flipbox-cardavatar cq-noshadow\" alt=\"\" \/><h4 class=\"cq-flipbox-title\">Braces<\/h4><\/div><\/div><\/div><\/a><\/div>[\/vc_column_inner][vc_column_inner width=&#8221;1\/3&#8243; icons_position=&#8221;left&#8221;]<div class=\" cq-flipbox-container cq-rightleft\" data-frontbg=\"#CCD1D9\" data-backbg=\"#AAB2BD\" data-fontcolor=\"\" data-face1=\"cq-flipbox-front\" data-face2=\"cq-flipbox-back\" data-flipdirection=\"rightleft\" data-elementheight=\"240px\" data-avatarsize=\"99\" data-frontcontentcolor=\"\" data-backcontentcolor=\"#ffffff\" data-titlesize=\"1.714rem\" data-contentsize=\"1rem\" data-contentwidth=\"\" data-iconcolor=\"\" data-iconbg=\"\" data-elementmargin=\"0 0 0 0\" data-elementwidth=\"\" data-cardborder=\"\" data-cardbordersize=\"\" data-bordercolor=\"#999\" data-backbuttonbg=\"\" data-backbuttonhoverbg=\"\" data-contentmargintop=\"\" data-cardshape=\"square\" data-frontfullimage=\"https:\/\/dental-clinic.ancorathemes.com\/wp-content\/uploads\/2017\/02\/image-7.jpg\" data-avatartype=\"none\" data-backfullimage=\"https:\/\/dental-clinic.ancorathemes.com\/wp-content\/uploads\/2017\/02\/image-7.jpg\" data-backavatar=\"image\"><a href=\"https:\/\/dental-clinic.ancorathemes.com\/wp-content\/uploads\/2017\/02\/image-7.jpg\" title=\"\" target=\"\" class=\"cq-flipbox-link\"><div class=\"cq-flipbox-flipper\"><div class=\"cq-flipbox-item cq-flipbox-front\" onclick=\"\"><div class=\"cq-flipbox-content\"><\/div><\/div><div class=\"cq-flipbox-item cq-flipbox-back\" onclick=\"\"><div class=\"cq-flipbox-content\"><img src=\"https:\/\/dental-clinic.ancorathemes.com\/wp-content\/uploads\/2017\/02\/depositphotos-1080770-original-198x198.jpg\" width=\"99\" height=\"99\" class=\"cq-flipbox-cardavatar cq-noshadow\" alt=\"\" \/><h4 class=\"cq-flipbox-title\">Implants<\/h4><\/div><\/div><\/div><\/a><\/div>[\/vc_column_inner][vc_column_inner width=&#8221;1\/3&#8243; icons_position=&#8221;left&#8221;]<div class=\" cq-flipbox-container cq-rightleft\" data-frontbg=\"#CCD1D9\" data-backbg=\"#AAB2BD\" data-fontcolor=\"\" data-face1=\"cq-flipbox-front\" data-face2=\"cq-flipbox-back\" data-flipdirection=\"rightleft\" data-elementheight=\"240px\" data-avatarsize=\"99\" data-frontcontentcolor=\"\" data-backcontentcolor=\"#ffffff\" data-titlesize=\"1.714rem\" data-contentsize=\"1rem\" data-contentwidth=\"\" data-iconcolor=\"\" data-iconbg=\"\" data-elementmargin=\"0 0 0 0\" data-elementwidth=\"\" data-cardborder=\"\" data-cardbordersize=\"\" data-bordercolor=\"#999\" data-backbuttonbg=\"\" data-backbuttonhoverbg=\"\" data-contentmargintop=\"\" data-cardshape=\"square\" data-frontfullimage=\"https:\/\/dental-clinic.ancorathemes.com\/wp-content\/uploads\/2017\/02\/image-25.jpg\" data-avatartype=\"none\" data-backfullimage=\"https:\/\/dental-clinic.ancorathemes.com\/wp-content\/uploads\/2017\/02\/image-25.jpg\" data-backavatar=\"image\"><a href=\"https:\/\/dental-clinic.ancorathemes.com\/wp-content\/uploads\/2017\/02\/image-25.jpg\" title=\"\" target=\"\" class=\"cq-flipbox-link\"><div class=\"cq-flipbox-flipper\"><div class=\"cq-flipbox-item cq-flipbox-front\" onclick=\"\"><div class=\"cq-flipbox-content\"><\/div><\/div><div class=\"cq-flipbox-item cq-flipbox-back\" onclick=\"\"><div class=\"cq-flipbox-content\"><img src=\"https:\/\/dental-clinic.ancorathemes.com\/wp-content\/uploads\/2017\/02\/image-25-198x198.jpg\" width=\"99\" height=\"99\" class=\"cq-flipbox-cardavatar cq-noshadow\" alt=\"\" \/><h4 class=\"cq-flipbox-title\">Whitening<\/h4><\/div><\/div><\/div><\/a><\/div>[\/vc_column_inner][\/vc_row_inner][vc_empty_space alter_height=&#8221;small&#8221; hide_on_mobile=&#8221;1&#8243;][vc_row_inner][vc_column_inner width=&#8221;1\/3&#8243; icons_position=&#8221;left&#8221;]<div class=\" cq-flipbox-container cq-rightleft\" data-frontbg=\"#CCD1D9\" data-backbg=\"#AAB2BD\" data-fontcolor=\"\" data-face1=\"cq-flipbox-front\" data-face2=\"cq-flipbox-back\" data-flipdirection=\"rightleft\" data-elementheight=\"240px\" data-avatarsize=\"99\" data-frontcontentcolor=\"\" data-backcontentcolor=\"#ffffff\" data-titlesize=\"1.714rem\" data-contentsize=\"1rem\" data-contentwidth=\"\" data-iconcolor=\"\" data-iconbg=\"\" data-elementmargin=\"0 0 0 0\" data-elementwidth=\"\" data-cardborder=\"\" data-cardbordersize=\"\" data-bordercolor=\"#999\" data-backbuttonbg=\"\" data-backbuttonhoverbg=\"\" data-contentmargintop=\"\" data-cardshape=\"square\" data-frontfullimage=\"https:\/\/dental-clinic.ancorathemes.com\/wp-content\/uploads\/2017\/02\/image-22.jpg\" data-avatartype=\"none\" data-backfullimage=\"https:\/\/dental-clinic.ancorathemes.com\/wp-content\/uploads\/2017\/02\/image-22.jpg\" data-backavatar=\"image\"><a href=\"https:\/\/dental-clinic.ancorathemes.com\/wp-content\/uploads\/2017\/02\/image-22.jpg\" title=\"\" target=\"\" class=\"cq-flipbox-link\"><div class=\"cq-flipbox-flipper\"><div class=\"cq-flipbox-item cq-flipbox-front\" onclick=\"\"><div class=\"cq-flipbox-content\"><\/div><\/div><div class=\"cq-flipbox-item cq-flipbox-back\" onclick=\"\"><div class=\"cq-flipbox-content\"><img src=\"https:\/\/dental-clinic.ancorathemes.com\/wp-content\/uploads\/2017\/02\/image-22-198x198.jpg\" width=\"99\" height=\"99\" class=\"cq-flipbox-cardavatar cq-noshadow\" alt=\"\" \/><h4 class=\"cq-flipbox-title\">Reshaping<\/h4><\/div><\/div><\/div><\/a><\/div>[\/vc_column_inner][vc_column_inner width=&#8221;1\/3&#8243; icons_position=&#8221;left&#8221;]<div class=\" cq-flipbox-container cq-rightleft\" data-frontbg=\"#CCD1D9\" data-backbg=\"#AAB2BD\" data-fontcolor=\"\" data-face1=\"cq-flipbox-front\" data-face2=\"cq-flipbox-back\" data-flipdirection=\"rightleft\" data-elementheight=\"240px\" data-avatarsize=\"99\" data-frontcontentcolor=\"\" data-backcontentcolor=\"#ffffff\" data-titlesize=\"1.714rem\" data-contentsize=\"1rem\" data-contentwidth=\"\" data-iconcolor=\"\" data-iconbg=\"\" data-elementmargin=\"0 0 0 0\" data-elementwidth=\"\" data-cardborder=\"\" data-cardbordersize=\"\" data-bordercolor=\"#999\" data-backbuttonbg=\"\" data-backbuttonhoverbg=\"\" data-contentmargintop=\"\" data-cardshape=\"square\" data-frontfullimage=\"https:\/\/dental-clinic.ancorathemes.com\/wp-content\/uploads\/2017\/02\/image-24.jpg\" data-avatartype=\"none\" data-backfullimage=\"https:\/\/dental-clinic.ancorathemes.com\/wp-content\/uploads\/2017\/02\/image-24.jpg\" data-backavatar=\"image\"><a href=\"https:\/\/dental-clinic.ancorathemes.com\/wp-content\/uploads\/2017\/02\/image-24.jpg\" title=\"\" target=\"\" class=\"cq-flipbox-link\"><div class=\"cq-flipbox-flipper\"><div class=\"cq-flipbox-item cq-flipbox-front\" onclick=\"\"><div class=\"cq-flipbox-content\"><\/div><\/div><div class=\"cq-flipbox-item cq-flipbox-back\" onclick=\"\"><div class=\"cq-flipbox-content\"><img src=\"https:\/\/dental-clinic.ancorathemes.com\/wp-content\/uploads\/2017\/02\/image-24-198x198.jpg\" width=\"99\" height=\"99\" class=\"cq-flipbox-cardavatar cq-noshadow\" alt=\"\" \/><h4 class=\"cq-flipbox-title\">Diagnostic<\/h4><\/div><\/div><\/div><\/a><\/div>[\/vc_column_inner][vc_column_inner width=&#8221;1\/3&#8243; icons_position=&#8221;left&#8221;]<div class=\" cq-flipbox-container cq-rightleft\" data-frontbg=\"#CCD1D9\" data-backbg=\"#AAB2BD\" data-fontcolor=\"\" data-face1=\"cq-flipbox-front\" data-face2=\"cq-flipbox-back\" data-flipdirection=\"rightleft\" data-elementheight=\"240px\" data-avatarsize=\"99\" data-frontcontentcolor=\"\" data-backcontentcolor=\"#ffffff\" data-titlesize=\"1.714rem\" data-contentsize=\"1rem\" data-contentwidth=\"\" data-iconcolor=\"\" data-iconbg=\"\" data-elementmargin=\"0 0 0 0\" data-elementwidth=\"\" data-cardborder=\"\" data-cardbordersize=\"\" data-bordercolor=\"#999\" data-backbuttonbg=\"\" data-backbuttonhoverbg=\"\" data-contentmargintop=\"\" data-cardshape=\"square\" data-frontfullimage=\"https:\/\/dental-clinic.ancorathemes.com\/wp-content\/uploads\/2017\/02\/image-21.jpg\" data-avatartype=\"none\" data-backfullimage=\"https:\/\/dental-clinic.ancorathemes.com\/wp-content\/uploads\/2017\/02\/image-21.jpg\" data-backavatar=\"image\"><a href=\"https:\/\/dental-clinic.ancorathemes.com\/wp-content\/uploads\/2017\/02\/image-21.jpg\" title=\"\" target=\"\" class=\"cq-flipbox-link\"><div class=\"cq-flipbox-flipper\"><div class=\"cq-flipbox-item cq-flipbox-front\" onclick=\"\"><div class=\"cq-flipbox-content\"><\/div><\/div><div class=\"cq-flipbox-item cq-flipbox-back\" onclick=\"\"><div class=\"cq-flipbox-content\"><img src=\"https:\/\/dental-clinic.ancorathemes.com\/wp-content\/uploads\/2017\/02\/image-21-198x198.jpg\" width=\"99\" height=\"99\" class=\"cq-flipbox-cardavatar cq-noshadow\" alt=\"\" \/><h4 class=\"cq-flipbox-title\">Cleaning<\/h4><\/div><\/div><\/div><\/a><\/div>[\/vc_column_inner][\/vc_row_inner][vc_empty_space alter_height=&#8221;medium&#8221; hide_on_mobile=&#8221;&#8221; css=&#8221;.vc_custom_1490886647109{margin-bottom: 1.1rem !important;}&#8221;]<div class=\"sc_item_button sc_button_wrap sc_align_center\"><a href=\"\/grid\/\" id=\"sc_button_2015117086\" class=\"sc_button sc_button_default sc_button_size_normal sc_button_icon_left\"><span class=\"sc_button_text\"><span class=\"sc_button_title\">View All<\/span><\/span><!-- \/.sc_button_text --><\/a><!-- \/.sc_button --><\/div><!-- \/.sc_item_button -->[vc_empty_space alter_height=&#8221;large&#8221; hide_on_mobile=&#8221;&#8221; css=&#8221;.vc_custom_1490886694613{margin-bottom: 2.2rem !important;}&#8221;][\/vc_column][\/vc_row][vc_row][vc_column icons_position=&#8221;left&#8221;][vc_empty_space alter_height=&#8221;medium&#8221; hide_on_mobile=&#8221;&#8221;]<div class=\"sc_team sc_team_default\"><h6 class=\"sc_item_subtitle sc_team_subtitle sc_align_center sc_item_title_style_default\">Our Staff<\/h6><h2 class=\"sc_item_title sc_team_title sc_align_center sc_item_title_style_default\">Meet the Doctors<\/h2><div class=\"sc_team_columns sc_item_columns trx_addons_columns_wrap columns_padding_bottom\"><div class=\"trx_addons_column-1_4\"><div class=\"sc_team_item\">\n\t<div class=\"post_featured with_thumb hover_icon sc_team_item_thumb\"><img width=\"800\" height=\"800\" src=\"https:\/\/dental-clinic.ancorathemes.com\/wp-content\/uploads\/2017\/02\/image-20-800x800.jpg\" class=\"attachment-dental_clinic-thumb-team size-dental_clinic-thumb-team wp-post-image\" alt=\"Alex Turner\" loading=\"lazy\" srcset=\"https:\/\/dental-clinic.ancorathemes.com\/wp-content\/uploads\/2017\/02\/image-20-800x800.jpg 800w, https:\/\/dental-clinic.ancorathemes.com\/wp-content\/uploads\/2017\/02\/image-20-300x300.jpg 300w, https:\/\/dental-clinic.ancorathemes.com\/wp-content\/uploads\/2017\/02\/image-20-1024x1024.jpg 1024w, https:\/\/dental-clinic.ancorathemes.com\/wp-content\/uploads\/2017\/02\/image-20-150x150.jpg 150w, https:\/\/dental-clinic.ancorathemes.com\/wp-content\/uploads\/2017\/02\/image-20-768x768.jpg 768w, https:\/\/dental-clinic.ancorathemes.com\/wp-content\/uploads\/2017\/02\/image-20-370x370.jpg 370w, https:\/\/dental-clinic.ancorathemes.com\/wp-content\/uploads\/2017\/02\/image-20-90x90.jpg 90w, https:\/\/dental-clinic.ancorathemes.com\/wp-content\/uploads\/2017\/02\/image-20-760x760.jpg 760w, https:\/\/dental-clinic.ancorathemes.com\/wp-content\/uploads\/2017\/02\/image-20-600x600.jpg 600w, https:\/\/dental-clinic.ancorathemes.com\/wp-content\/uploads\/2017\/02\/image-20-100x100.jpg 100w, https:\/\/dental-clinic.ancorathemes.com\/wp-content\/uploads\/2017\/02\/image-20.jpg 1200w\" sizes=\"(max-width: 800px) 100vw, 800px\" \/><div class=\"mask\"><\/div><div class=\"icons\"><a href=\"https:\/\/dental-clinic.ancorathemes.com\/team\/alex-turner\/\" aria-hidden=\"true\" class=\"icon-link\"><\/a><\/div><\/div>\t<div class=\"sc_team_item_info\">\n\t\t<div class=\"sc_team_item_header\">\n\t\t\t<h4 class=\"sc_team_item_title\"><a href=\"https:\/\/dental-clinic.ancorathemes.com\/team\/alex-turner\/\">Alex Turner<\/a><\/h4>\n\t\t\t<div class=\"sc_team_item_subtitle\">Clinical Director<\/div>\n\t\t<\/div>\n        <div class=\"sc_team_item_socials\"><span class=\"social_item\"><a href=\"https:\/\/twitter.com\/themes_ancora\" target=\"_blank\" class=\"social_icons social_twitter\"><span class=\"trx_addons_icon-twitter\"><\/span><\/a><\/span><span class=\"social_item\"><a href=\"https:\/\/www.facebook.com\/AncoraThemes\/\" target=\"_blank\" class=\"social_icons social_facebook\"><span class=\"trx_addons_icon-facebook\"><\/span><\/a><\/span><span class=\"social_item\"><a href=\"https:\/\/www.instagram.com\/ancora_themes\/\" target=\"_blank\" class=\"social_icons social_instagram\"><span class=\"trx_addons_icon-instagram\"><\/span><\/a><\/span><\/div>\t\t<div class=\"sc_team_item_content\"><p>Has an exceptional organizational and leadership skills.<\/p>\n<\/div>\n\t<\/div>\n<\/div>\n<\/div><div class=\"trx_addons_column-1_4\"><div class=\"sc_team_item\">\n\t<div class=\"post_featured with_thumb hover_icon sc_team_item_thumb\"><img width=\"800\" height=\"800\" src=\"https:\/\/dental-clinic.ancorathemes.com\/wp-content\/uploads\/2017\/02\/image-19-800x800.jpg\" class=\"attachment-dental_clinic-thumb-team size-dental_clinic-thumb-team wp-post-image\" alt=\"Andrea Hayes\" loading=\"lazy\" srcset=\"https:\/\/dental-clinic.ancorathemes.com\/wp-content\/uploads\/2017\/02\/image-19-800x800.jpg 800w, https:\/\/dental-clinic.ancorathemes.com\/wp-content\/uploads\/2017\/02\/image-19-300x300.jpg 300w, https:\/\/dental-clinic.ancorathemes.com\/wp-content\/uploads\/2017\/02\/image-19-1024x1024.jpg 1024w, https:\/\/dental-clinic.ancorathemes.com\/wp-content\/uploads\/2017\/02\/image-19-150x150.jpg 150w, https:\/\/dental-clinic.ancorathemes.com\/wp-content\/uploads\/2017\/02\/image-19-768x768.jpg 768w, https:\/\/dental-clinic.ancorathemes.com\/wp-content\/uploads\/2017\/02\/image-19-370x370.jpg 370w, https:\/\/dental-clinic.ancorathemes.com\/wp-content\/uploads\/2017\/02\/image-19-90x90.jpg 90w, https:\/\/dental-clinic.ancorathemes.com\/wp-content\/uploads\/2017\/02\/image-19-760x760.jpg 760w, https:\/\/dental-clinic.ancorathemes.com\/wp-content\/uploads\/2017\/02\/image-19-600x600.jpg 600w, https:\/\/dental-clinic.ancorathemes.com\/wp-content\/uploads\/2017\/02\/image-19-100x100.jpg 100w, https:\/\/dental-clinic.ancorathemes.com\/wp-content\/uploads\/2017\/02\/image-19.jpg 1200w\" sizes=\"(max-width: 800px) 100vw, 800px\" \/><div class=\"mask\"><\/div><div class=\"icons\"><a href=\"https:\/\/dental-clinic.ancorathemes.com\/team\/andrea-hayes\/\" aria-hidden=\"true\" class=\"icon-link\"><\/a><\/div><\/div>\t<div class=\"sc_team_item_info\">\n\t\t<div class=\"sc_team_item_header\">\n\t\t\t<h4 class=\"sc_team_item_title\"><a href=\"https:\/\/dental-clinic.ancorathemes.com\/team\/andrea-hayes\/\">Andrea Hayes<\/a><\/h4>\n\t\t\t<div class=\"sc_team_item_subtitle\">Orthodontist<\/div>\n\t\t<\/div>\n        <div class=\"sc_team_item_socials\"><span class=\"social_item\"><a href=\"https:\/\/twitter.com\/themes_ancora\" target=\"_blank\" class=\"social_icons social_twitter\"><span class=\"trx_addons_icon-twitter\"><\/span><\/a><\/span><span class=\"social_item\"><a href=\"https:\/\/www.facebook.com\/AncoraThemes\/\" target=\"_blank\" class=\"social_icons social_facebook\"><span class=\"trx_addons_icon-facebook\"><\/span><\/a><\/span><span class=\"social_item\"><a href=\"https:\/\/www.instagram.com\/ancora_themes\/\" target=\"_blank\" class=\"social_icons social_instagram\"><span class=\"trx_addons_icon-instagram\"><\/span><\/a><\/span><\/div>\t\t<div class=\"sc_team_item_content\"><p>Responsible for the beautiful pearly white smiles.<\/p>\n<\/div>\n\t<\/div>\n<\/div>\n<\/div><div class=\"trx_addons_column-1_4\"><div class=\"sc_team_item\">\n\t<div class=\"post_featured with_thumb hover_icon sc_team_item_thumb\"><img width=\"800\" height=\"800\" src=\"https:\/\/dental-clinic.ancorathemes.com\/wp-content\/uploads\/2017\/02\/image-18-800x800.jpg\" class=\"attachment-dental_clinic-thumb-team size-dental_clinic-thumb-team wp-post-image\" alt=\"Brandon Fuller\" loading=\"lazy\" srcset=\"https:\/\/dental-clinic.ancorathemes.com\/wp-content\/uploads\/2017\/02\/image-18-800x800.jpg 800w, https:\/\/dental-clinic.ancorathemes.com\/wp-content\/uploads\/2017\/02\/image-18-300x300.jpg 300w, https:\/\/dental-clinic.ancorathemes.com\/wp-content\/uploads\/2017\/02\/image-18-1024x1024.jpg 1024w, https:\/\/dental-clinic.ancorathemes.com\/wp-content\/uploads\/2017\/02\/image-18-150x150.jpg 150w, https:\/\/dental-clinic.ancorathemes.com\/wp-content\/uploads\/2017\/02\/image-18-768x768.jpg 768w, https:\/\/dental-clinic.ancorathemes.com\/wp-content\/uploads\/2017\/02\/image-18-370x370.jpg 370w, https:\/\/dental-clinic.ancorathemes.com\/wp-content\/uploads\/2017\/02\/image-18-90x90.jpg 90w, https:\/\/dental-clinic.ancorathemes.com\/wp-content\/uploads\/2017\/02\/image-18-760x760.jpg 760w, https:\/\/dental-clinic.ancorathemes.com\/wp-content\/uploads\/2017\/02\/image-18-600x600.jpg 600w, https:\/\/dental-clinic.ancorathemes.com\/wp-content\/uploads\/2017\/02\/image-18-100x100.jpg 100w, https:\/\/dental-clinic.ancorathemes.com\/wp-content\/uploads\/2017\/02\/image-18.jpg 1200w\" sizes=\"(max-width: 800px) 100vw, 800px\" \/><div class=\"mask\"><\/div><div class=\"icons\"><a href=\"https:\/\/dental-clinic.ancorathemes.com\/team\/brandon-fuller\/\" aria-hidden=\"true\" class=\"icon-link\"><\/a><\/div><\/div>\t<div class=\"sc_team_item_info\">\n\t\t<div class=\"sc_team_item_header\">\n\t\t\t<h4 class=\"sc_team_item_title\"><a href=\"https:\/\/dental-clinic.ancorathemes.com\/team\/brandon-fuller\/\">Brandon Fuller<\/a><\/h4>\n\t\t\t<div class=\"sc_team_item_subtitle\">Hygienist<\/div>\n\t\t<\/div>\n        <div class=\"sc_team_item_socials\"><span class=\"social_item\"><a href=\"https:\/\/twitter.com\/themes_ancora\" target=\"_blank\" class=\"social_icons social_twitter\"><span class=\"trx_addons_icon-twitter\"><\/span><\/a><\/span><span class=\"social_item\"><a href=\"https:\/\/www.facebook.com\/AncoraThemes\/\" target=\"_blank\" class=\"social_icons social_facebook\"><span class=\"trx_addons_icon-facebook\"><\/span><\/a><\/span><span class=\"social_item\"><a href=\"https:\/\/www.instagram.com\/ancora_themes\/\" target=\"_blank\" class=\"social_icons social_instagram\"><span class=\"trx_addons_icon-instagram\"><\/span><\/a><\/span><\/div>\t\t<div class=\"sc_team_item_content\"><p>Works with dentist to meet the oral health needs of patients.  <\/p>\n<\/div>\n\t<\/div>\n<\/div>\n<\/div><div class=\"trx_addons_column-1_4\"><div class=\"sc_team_item\">\n\t<div class=\"post_featured with_thumb hover_icon sc_team_item_thumb\"><img width=\"800\" height=\"800\" src=\"https:\/\/dental-clinic.ancorathemes.com\/wp-content\/uploads\/2017\/02\/image-17-800x800.jpg\" class=\"attachment-dental_clinic-thumb-team size-dental_clinic-thumb-team wp-post-image\" alt=\"Elizabeth Welsh\" loading=\"lazy\" srcset=\"https:\/\/dental-clinic.ancorathemes.com\/wp-content\/uploads\/2017\/02\/image-17-800x800.jpg 800w, https:\/\/dental-clinic.ancorathemes.com\/wp-content\/uploads\/2017\/02\/image-17-300x300.jpg 300w, https:\/\/dental-clinic.ancorathemes.com\/wp-content\/uploads\/2017\/02\/image-17-1024x1024.jpg 1024w, https:\/\/dental-clinic.ancorathemes.com\/wp-content\/uploads\/2017\/02\/image-17-150x150.jpg 150w, https:\/\/dental-clinic.ancorathemes.com\/wp-content\/uploads\/2017\/02\/image-17-768x768.jpg 768w, https:\/\/dental-clinic.ancorathemes.com\/wp-content\/uploads\/2017\/02\/image-17-370x370.jpg 370w, https:\/\/dental-clinic.ancorathemes.com\/wp-content\/uploads\/2017\/02\/image-17-90x90.jpg 90w, https:\/\/dental-clinic.ancorathemes.com\/wp-content\/uploads\/2017\/02\/image-17-760x760.jpg 760w, https:\/\/dental-clinic.ancorathemes.com\/wp-content\/uploads\/2017\/02\/image-17-600x600.jpg 600w, https:\/\/dental-clinic.ancorathemes.com\/wp-content\/uploads\/2017\/02\/image-17-100x100.jpg 100w, https:\/\/dental-clinic.ancorathemes.com\/wp-content\/uploads\/2017\/02\/image-17.jpg 1200w\" sizes=\"(max-width: 800px) 100vw, 800px\" \/><div class=\"mask\"><\/div><div class=\"icons\"><a href=\"https:\/\/dental-clinic.ancorathemes.com\/team\/elizabeth-waterford\/\" aria-hidden=\"true\" class=\"icon-link\"><\/a><\/div><\/div>\t<div class=\"sc_team_item_info\">\n\t\t<div class=\"sc_team_item_header\">\n\t\t\t<h4 class=\"sc_team_item_title\"><a href=\"https:\/\/dental-clinic.ancorathemes.com\/team\/elizabeth-waterford\/\">Elizabeth Welsh<\/a><\/h4>\n\t\t\t<div class=\"sc_team_item_subtitle\">Dentist<\/div>\n\t\t<\/div>\n        <div class=\"sc_team_item_socials\"><span class=\"social_item\"><a href=\"https:\/\/twitter.com\/themes_ancora\" target=\"_blank\" class=\"social_icons social_twitter\"><span class=\"trx_addons_icon-twitter\"><\/span><\/a><\/span><span class=\"social_item\"><a href=\"https:\/\/www.facebook.com\/AncoraThemes\/\" target=\"_blank\" class=\"social_icons social_facebook\"><span class=\"trx_addons_icon-facebook\"><\/span><\/a><\/span><span class=\"social_item\"><a href=\"https:\/\/www.instagram.com\/ancora_themes\/\" target=\"_blank\" class=\"social_icons social_instagram\"><span class=\"trx_addons_icon-instagram\"><\/span><\/a><\/span><\/div>\t\t<div class=\"sc_team_item_content\"><p>Maintains and improves people&#8217;s oral health and quality of life.<\/p>\n<\/div>\n\t<\/div>\n<\/div>\n<\/div><\/div><\/div><!-- \/.sc_team -->[vc_empty_space alter_height=&#8221;medium&#8221; hide_on_mobile=&#8221;&#8221; css=&#8221;.vc_custom_1491234073733{margin-bottom: -0.8rem !important;}&#8221;][\/vc_column][\/vc_row][vc_row full_width=&#8221;stretch_row&#8221; css=&#8221;.vc_custom_1486413163440{background-image: url(https:\/\/dental-clinic.ancorathemes.com\/wp-content\/uploads\/2017\/02\/bg-1.jpg?id=221) !important;background-position: center !important;background-repeat: no-repeat !important;background-size: cover !important;}&#8221;][vc_column width=&#8221;7\/12&#8243;][vc_empty_space alter_height=&#8221;huge&#8221; hide_on_mobile=&#8221;&#8221;]<div  id=\"sc_promo_1588745033\" \n\tclass=\"sc_promo sc_promo_default sc_promo_size_normal sc_promo_no_paddings sc_promo_no_image\"><div class=\"sc_promo_text\" style=\"width: 100%;\">\n\t\t\t<div class=\"sc_promo_text_inner\" style=\"\"><h2 class=\"sc_item_title sc_promo_title sc_align_left sc_item_title_style_default\">What to Do in a Dental Emergency?<\/h2><div class=\"sc_item_descr sc_promo_descr sc_align_left\">Our goal is to provide our patients with the best possible dental care in an environment of comfort and compassion.<\/div><div class=\"sc_item_button sc_item_button_default sc_promo_button sc_align_left sc_button_wrap\"><a href=\"\/appointment\/\" id=\"sc_button_1234150639\" class=\"sc_button sc_button_default sc_button_size_normal sc_button_icon_left\"><span class=\"sc_button_text\"><span class=\"sc_button_title\">Make an Appointment<\/span><\/span><!-- \/.sc_button_text --><\/a><!-- \/.sc_button --><\/div><!-- \/.sc_item_button sc_item_button_default sc_promo_button sc_align_left --><\/div>\n\t\t<\/div><!-- \/.sc_promo_text --><\/div><!-- \/.sc_promo -->[vc_empty_space alter_height=&#8221;huge&#8221; hide_on_mobile=&#8221;&#8221; css=&#8221;.vc_custom_1490862921211{margin-bottom: -1.6rem !important;}&#8221;][\/vc_column][vc_column width=&#8221;5\/12&#8243;][\/vc_column][\/vc_row][vc_row][vc_column][vc_empty_space alter_height=&#8221;medium&#8221; hide_on_mobile=&#8221;&#8221;]<div id=\"sc_title_1764105284\"\n\t\tclass=\"sc_title sc_title_default\"><h6 class=\"sc_item_subtitle sc_title_subtitle sc_align_center sc_item_title_style_default\">Our Shop<\/h6><h2 class=\"sc_item_title sc_title_title sc_align_center sc_item_title_style_default\">Our Blog<\/h2><\/div><!-- \/.sc_title -->[vc_empty_space alter_height=&#8221;medium&#8221; hide_on_mobile=&#8221;&#8221;]<div class=\"sc_blogger sc_blogger_classic\"><div class=\"sc_blogger_columns sc_item_columns trx_addons_columns_wrap columns_padding_bottom\"><div class=\"trx_addons_column-1_3\"><div id=\"post-128\"\tclass=\"sc_blogger_item post_format_standard post-128 post type-post status-publish format-standard has-post-thumbnail hentry category-general-dentistry tag-advice tag-important\"><div class=\"post_featured with_thumb hover_icon sc_blogger_item_featured\"><img width=\"740\" height=\"480\" src=\"https:\/\/dental-clinic.ancorathemes.com\/wp-content\/uploads\/2017\/02\/image-3-740x480.jpg\" class=\"attachment-dental_clinic-thumb-med size-dental_clinic-thumb-med wp-post-image\" alt=\"We Eliminate the Inconvenience of Multiple Visits\" loading=\"lazy\" \/><div class=\"mask\"><\/div><div class=\"icons\"><a href=\"https:\/\/dental-clinic.ancorathemes.com\/2017\/02\/06\/we-eliminate-the-inconvenience-of-multiple-visits\/\" aria-hidden=\"true\" class=\"icon-link\"><\/a><\/div><\/div><div class=\"sc_blogger_item_content entry-content\"><div class=\"sc_blogger_item_header entry-header\"><div class=\"post_meta\">\t\t\t\t\t<span class=\"post_meta_item post_date\"><a href=\"https:\/\/dental-clinic.ancorathemes.com\/2017\/02\/06\/we-eliminate-the-inconvenience-of-multiple-visits\/\">February 6, 2017<\/a><\/span>\n\t\t\t\t\t<\/div><!-- .post_meta --><h3 class=\"sc_blogger_item_title entry-title\"><a href=\"https:\/\/dental-clinic.ancorathemes.com\/2017\/02\/06\/we-eliminate-the-inconvenience-of-multiple-visits\/\" rel=\"bookmark\">We Eliminate the Inconvenience of Multiple Visits<\/a><\/h3><\/div><!-- .entry-header --><div class=\"sc_blogger_item_excerpt\">\n\t\t\t\t<div class=\"sc_blogger_item_excerpt_text\">\n\t\t\t\t\t<p>Do you feel uncomfortable in dentist&#8217;s chair or you just don&#8217;t have enough time to visit clinic? We give you a great opportunity to get healthy, natural and beautiful teeth with just one procedure! Lorem ipsum dolor sit amet, sit quis vestibulum mauris est nibh pede, vel vitae imperdiet felis dolor, purus dictum pellentesque integer aliqua tincidunt,&hellip;<\/p>\n\t\t\t\t<\/div>\n\t\t\t\t<div class=\"post_meta\">\t\t\t\t<a class=\"post_meta_item post_author\" rel=\"author\" href=\"https:\/\/dental-clinic.ancorathemes.com\/author\/anc_admin\/\">\n\t\t\t\t\tCindy Jefferson\t\t\t\t<\/a>\n\t\t\t\t <a href=\"https:\/\/dental-clinic.ancorathemes.com\/2017\/02\/06\/we-eliminate-the-inconvenience-of-multiple-visits\/#respond\" class=\"post_meta_item post_counters_item post_counters_comments trx_addons_icon-comment\"><span class=\"post_counters_number\">0<\/span><span class=\"post_counters_label\">Comments<\/span><\/a>  <a href=\"https:\/\/dental-clinic.ancorathemes.com\/2017\/02\/06\/we-eliminate-the-inconvenience-of-multiple-visits\/\" class=\"post_meta_item post_counters_item post_counters_views trx_addons_icon-eye\"><span class=\"post_counters_number\">743<\/span><span class=\"post_counters_label\">Views<\/span><\/a> <\/div><!-- .post_meta --><\/div><!-- .sc_blogger_item_excerpt --><\/div><!-- .entry-content --><\/div><!-- .sc_blogger_item --><\/div><div class=\"trx_addons_column-1_3\"><div id=\"post-131\"\tclass=\"sc_blogger_item post_format_standard post-131 post type-post status-publish format-standard has-post-thumbnail hentry category-dental-health category-general-dentistry category-sedation-dentistry tag-advice tag-hygiene tag-important tag-protect\"><div class=\"post_featured with_thumb hover_icon sc_blogger_item_featured\"><img width=\"740\" height=\"480\" src=\"https:\/\/dental-clinic.ancorathemes.com\/wp-content\/uploads\/2017\/02\/image-2-740x480.jpg\" class=\"attachment-dental_clinic-thumb-med size-dental_clinic-thumb-med wp-post-image\" alt=\"What You Need to Know About Wisdom Teeth\" loading=\"lazy\" \/><div class=\"mask\"><\/div><div class=\"icons\"><a href=\"https:\/\/dental-clinic.ancorathemes.com\/2017\/02\/06\/what-you-need-to-know-about-wisdom-teeth\/\" aria-hidden=\"true\" class=\"icon-link\"><\/a><\/div><\/div><div class=\"sc_blogger_item_content entry-content\"><div class=\"sc_blogger_item_header entry-header\"><div class=\"post_meta\">\t\t\t\t\t<span class=\"post_meta_item post_date\"><a href=\"https:\/\/dental-clinic.ancorathemes.com\/2017\/02\/06\/what-you-need-to-know-about-wisdom-teeth\/\">February 6, 2017<\/a><\/span>\n\t\t\t\t\t<\/div><!-- .post_meta --><h3 class=\"sc_blogger_item_title entry-title\"><a href=\"https:\/\/dental-clinic.ancorathemes.com\/2017\/02\/06\/what-you-need-to-know-about-wisdom-teeth\/\" rel=\"bookmark\">What You Need to Know About Wisdom Teeth<\/a><\/h3><\/div><!-- .entry-header --><div class=\"sc_blogger_item_excerpt\">\n\t\t\t\t<div class=\"sc_blogger_item_excerpt_text\">\n\t\t\t\t\t<p>Our wisdom teeth are the third and final set of molars, located at the upper and lower back of our mouth. If you are experiencing pain from wisdom teeth, then you might need a minor surgery to remove your wisdom teeth. Lorem ipsum dolor sit amet, sit quis vestibulum mauris est nibh pede, vel vitae imperdiet felis&hellip;<\/p>\n\t\t\t\t<\/div>\n\t\t\t\t<div class=\"post_meta\">\t\t\t\t<a class=\"post_meta_item post_author\" rel=\"author\" href=\"https:\/\/dental-clinic.ancorathemes.com\/author\/anc_admin\/\">\n\t\t\t\t\tCindy Jefferson\t\t\t\t<\/a>\n\t\t\t\t <a href=\"https:\/\/dental-clinic.ancorathemes.com\/2017\/02\/06\/what-you-need-to-know-about-wisdom-teeth\/#respond\" class=\"post_meta_item post_counters_item post_counters_comments trx_addons_icon-comment\"><span class=\"post_counters_number\">0<\/span><span class=\"post_counters_label\">Comments<\/span><\/a>  <a href=\"https:\/\/dental-clinic.ancorathemes.com\/2017\/02\/06\/what-you-need-to-know-about-wisdom-teeth\/\" class=\"post_meta_item post_counters_item post_counters_views trx_addons_icon-eye\"><span class=\"post_counters_number\">1008<\/span><span class=\"post_counters_label\">Views<\/span><\/a> <\/div><!-- .post_meta --><\/div><!-- .sc_blogger_item_excerpt --><\/div><!-- .entry-content --><\/div><!-- .sc_blogger_item --><\/div><div class=\"trx_addons_column-1_3\"><div id=\"post-134\"\tclass=\"sc_blogger_item post_format_standard post-134 post type-post status-publish format-standard has-post-thumbnail hentry category-dental-health category-dental-implants category-general-dentistry tag-advice tag-hygiene tag-implants tag-protect\"><div class=\"post_featured with_thumb hover_icon sc_blogger_item_featured\"><img width=\"740\" height=\"480\" src=\"https:\/\/dental-clinic.ancorathemes.com\/wp-content\/uploads\/2017\/02\/image-1-740x480.jpg\" class=\"attachment-dental_clinic-thumb-med size-dental_clinic-thumb-med wp-post-image\" alt=\"There\u2019s A Lot You Can Do  To Prevent Tooth Loss\" loading=\"lazy\" \/><div class=\"mask\"><\/div><div class=\"icons\"><a href=\"https:\/\/dental-clinic.ancorathemes.com\/2017\/02\/06\/theres-a-lot-you-can-do-to-prevent-tooth-loss\/\" aria-hidden=\"true\" class=\"icon-link\"><\/a><\/div><\/div><div class=\"sc_blogger_item_content entry-content\"><div class=\"sc_blogger_item_header entry-header\"><div class=\"post_meta\">\t\t\t\t\t<span class=\"post_meta_item post_date\"><a href=\"https:\/\/dental-clinic.ancorathemes.com\/2017\/02\/06\/theres-a-lot-you-can-do-to-prevent-tooth-loss\/\">February 6, 2017<\/a><\/span>\n\t\t\t\t\t<\/div><!-- .post_meta --><h3 class=\"sc_blogger_item_title entry-title\"><a href=\"https:\/\/dental-clinic.ancorathemes.com\/2017\/02\/06\/theres-a-lot-you-can-do-to-prevent-tooth-loss\/\" rel=\"bookmark\">There\u2019s A Lot You Can Do  To Prevent Tooth Loss<\/a><\/h3><\/div><!-- .entry-header --><div class=\"sc_blogger_item_excerpt\">\n\t\t\t\t<div class=\"sc_blogger_item_excerpt_text\">\n\t\t\t\t\t<p>There are many reasons why you might lose a tooth: from poor dental care, to illness, lifestyle choices, or injury to your teeth. The best way to prevent tooth loss is to practice good dental health habits, which include brushing and flossing regularly. Lorem ipsum dolor sit amet, sit quis vestibulum mauris est nibh pede, vel vitae&hellip;<\/p>\n\t\t\t\t<\/div>\n\t\t\t\t<div class=\"post_meta\">\t\t\t\t<a class=\"post_meta_item post_author\" rel=\"author\" href=\"https:\/\/dental-clinic.ancorathemes.com\/author\/anc_admin\/\">\n\t\t\t\t\tCindy Jefferson\t\t\t\t<\/a>\n\t\t\t\t <a href=\"https:\/\/dental-clinic.ancorathemes.com\/2017\/02\/06\/theres-a-lot-you-can-do-to-prevent-tooth-loss\/#respond\" class=\"post_meta_item post_counters_item post_counters_comments trx_addons_icon-comment\"><span class=\"post_counters_number\">0<\/span><span class=\"post_counters_label\">Comments<\/span><\/a>  <a href=\"https:\/\/dental-clinic.ancorathemes.com\/2017\/02\/06\/theres-a-lot-you-can-do-to-prevent-tooth-loss\/\" class=\"post_meta_item post_counters_item post_counters_views trx_addons_icon-eye\"><span class=\"post_counters_number\">938<\/span><span class=\"post_counters_label\">Views<\/span><\/a> <\/div><!-- .post_meta --><\/div><!-- .sc_blogger_item_excerpt --><\/div><!-- .entry-content --><\/div><!-- .sc_blogger_item --><\/div><\/div><\/div><!-- \/.sc_blogger -->[vc_empty_space height=&#8221;1.8rem&#8221; alter_height=&#8221;none&#8221; hide_on_mobile=&#8221;&#8221;]<div class=\"sc_item_button sc_button_wrap sc_align_center\"><a href=\"\/blog\/\" id=\"sc_button_1685760296\" class=\"sc_button sc_button_default sc_button_size_normal sc_button_icon_left\"><span class=\"sc_button_text\"><span class=\"sc_button_title\">Read All<\/span><\/span><!-- \/.sc_button_text --><\/a><!-- \/.sc_button --><\/div><!-- \/.sc_item_button -->[vc_empty_space alter_height=&#8221;large&#8221; hide_on_mobile=&#8221;&#8221;][vc_empty_space alter_height=&#8221;small&#8221; hide_on_mobile=&#8221;&#8221; css=&#8221;.vc_custom_1490950562506{margin-bottom: 0.3rem !important;}&#8221;][\/vc_column][\/vc_row][vc_row full_width=&#8221;stretch_row&#8221; css=&#8221;.vc_custom_1490950680332{background-image: url(https:\/\/dental-clinic.ancorathemes.com\/wp-content\/uploads\/2017\/01\/bg-1.png?id=483) !important;background-position: center !important;background-repeat: no-repeat !important;background-size: cover !important;}&#8221;][vc_column][vc_empty_space height=&#8221;3.6rem&#8221; alter_height=&#8221;none&#8221; hide_on_mobile=&#8221;&#8221;]<div id=\"widget_slider_1461548557\" class=\"widget_area sc_widget_slider vc_widget_slider wpb_content_element\"><aside id=\"widget_slider_1461548557_widget\" class=\"widget widget_slider\">\t\t\t<div class=\"slider_wrap slider_engine_swiper\">\n\t\t\t\t<div id=\"widget_slider_1461548557_outer\" class=\"slider_swiper_outer slider_style_default slider_outer_direction_horizontal slider_outer_nocontrols slider_outer_nopagination slider_outer_titles_center slider_outer_multi\"><div id=\"widget_slider_1461548557_swiper\" class=\"slider_swiper swiper-slider-container slider_direction_horizontal slider_nocontrols slider_nopagination slider_titles_center slider_multi slider_noresize slider_height_auto slider_type_images\" data-ratio=\"16:9\" data-interval=\"7000\" data-effect=\"slide\" data-pagination=\"bullets\" data-direction=\"horizontal\" data-slides-per-view=\"6\" data-slides-space=\"0\">\n\t\t\t\t\t\t<div class=\"swiper-wrapper\"><div  class=\"swiper-slide\" data-image=\"https:\/\/dental-clinic.ancorathemes.com\/wp-content\/uploads\/2017\/02\/logo-1.png\" style=\"\"><img src=\"https:\/\/dental-clinic.ancorathemes.com\/wp-content\/uploads\/2017\/02\/logo-1.png\" alt=\"\"><\/div><div  class=\"swiper-slide\" data-image=\"https:\/\/dental-clinic.ancorathemes.com\/wp-content\/uploads\/2017\/02\/logo-2.png\" style=\"\"><img src=\"https:\/\/dental-clinic.ancorathemes.com\/wp-content\/uploads\/2017\/02\/logo-2.png\" alt=\"\"><\/div><div  class=\"swiper-slide\" data-image=\"https:\/\/dental-clinic.ancorathemes.com\/wp-content\/uploads\/2017\/02\/logo-3.png\" style=\"\"><img src=\"https:\/\/dental-clinic.ancorathemes.com\/wp-content\/uploads\/2017\/02\/logo-3.png\" alt=\"\"><\/div><div  class=\"swiper-slide\" data-image=\"https:\/\/dental-clinic.ancorathemes.com\/wp-content\/uploads\/2017\/02\/logo-4.png\" style=\"\"><img src=\"https:\/\/dental-clinic.ancorathemes.com\/wp-content\/uploads\/2017\/02\/logo-4.png\" alt=\"\"><\/div><div  class=\"swiper-slide\" data-image=\"https:\/\/dental-clinic.ancorathemes.com\/wp-content\/uploads\/2017\/02\/logo-5.png\" style=\"\"><img src=\"https:\/\/dental-clinic.ancorathemes.com\/wp-content\/uploads\/2017\/02\/logo-5.png\" alt=\"\"><\/div><div  class=\"swiper-slide\" data-image=\"https:\/\/dental-clinic.ancorathemes.com\/wp-content\/uploads\/2017\/02\/logo-6.png\" style=\"\"><img src=\"https:\/\/dental-clinic.ancorathemes.com\/wp-content\/uploads\/2017\/02\/logo-6.png\" alt=\"\"><\/div><\/div><!-- \/.swiper-wripper --><\/div><!-- \/.slider_swiper --><\/div><!-- \/.slider_swiper_outer -->\t\t\t<\/div>\n\t\t\t<\/aside><\/div>[vc_empty_space height=&#8221;2.25rem&#8221; alter_height=&#8221;none&#8221; hide_on_mobile=&#8221;&#8221;][\/vc_column][\/vc_row][vc_row full_width=&#8221;stretch_row_content_no_spaces&#8221;][vc_column]<div id=\"sc_googlemap_1395452424_wrap\" class=\"sc_googlemap_wrap\"><div id=\"sc_googlemap_1395452424\"\n\t\t\tclass=\"sc_googlemap sc_googlemap_default\"\n\t\t\t style=\"width:100%;height:402px;\"\t\t\tdata-zoom=\"12\"\n\t\t\tdata-style=\"grey\"\n        ><iframe\n                    src=\"https:\/\/maps.google.com\/maps?t=m&output=embed&iwloc=near&z=12&q=282+Higbie+Ln%2C+West+Islip%2C+NY+11795\"\n                    scrolling=\"no\"\n                    marginheight=\"0\"\n                    marginwidth=\"0\"\n                    frameborder=\"0\"\n                    aria-label=\"One\"><\/iframe><\/div><\/div><!-- \/.sc_googlemap_wrap -->[\/vc_column][\/vc_row][vc_row][vc_column][vc_empty_space alter_height=&#8221;large&#8221; hide_on_mobile=&#8221;&#8221; css=&#8221;.vc_custom_1491378755775{margin-top: -1.8rem !important;}&#8221;][\/vc_column][\/vc_row]<\/p>\n","protected":false},"excerpt":{"rendered":"<p>[vc_row][vc_column][rev_slider_vc alias=&#8221;slider-1&#8243;][\/vc_column][\/vc_row][vc_row full_width=&#8221;stretch_row&#8221; scheme=&#8221;dark&#8221; css=&#8221;.vc_custom_1491297456651{background-image: url(https:\/\/dental-clinic.ancorathemes.com\/wp-content\/uploads\/2017\/01\/bg-1.png?id=483) !important;background-position: center !important;background-repeat: no-repeat !important;background-size: cover !important;}&#8221;][vc_column][vc_empty_space alter_height=&#8221;medium&#8221; hide_on_mobile=&#8221;&#8221;][vc_empty_space height=&#8221;2.5rem&#8221; alter_height=&#8221;none&#8221; hide_on_mobile=&#8221;&#8221;][\/vc_column][\/vc_row][vc_row full_width=&#8221;stretch_row&#8221;][vc_column][vc_empty_space alter_height=&#8221;medium&#8221; hide_on_mobile=&#8221;&#8221; css=&#8221;.vc_custom_1491310900919{margin-top: -0.2rem !important;}&#8221;][vc_empty_space alter_height=&#8221;medium&#8221; hide_on_mobile=&#8221;&#8221; css=&#8221;.vc_custom_1491310916249{margin-bottom: -1.3rem !important;}&#8221;][vc_empty_space alter_height=&#8221;large&#8221; hide_on_mobile=&#8221;&#8221; css=&#8221;.vc_custom_1491297337302{margin-bottom: 2.8rem !important;}&#8221;][\/vc_column][\/vc_row][vc_row full_width=&#8221;stretch_row&#8221; parallax=&#8221;content-moving&#8221; parallax_image=&#8221;599&#8243; scheme=&#8221;dark&#8221; css=&#8221;.vc_custom_1491233753873{background-image: url(https:\/\/dental-clinic.ancorathemes.com\/wp-content\/uploads\/2017\/02\/bg-6.jpg?id=312) !important;background-position: center;background-repeat: no-repeat;background-size: cover !important;}&#8221;][vc_column][vc_empty_space alter_height=&#8221;medium&#8221; hide_on_mobile=&#8221;&#8221;][vc_empty_space alter_height=&#8221;medium&#8221; hide_on_mobile=&#8221;&#8221;][vc_empty_space alter_height=&#8221;large&#8221; hide_on_mobile=&#8221;&#8221; css=&#8221;.vc_custom_1491233806790{margin-top: 2.2rem !important;}&#8221;][\/vc_column][\/vc_row][vc_row full_width=&#8221;stretch_row&#8221; equal_height=&#8221;yes&#8221; content_placement=&#8221;middle&#8221;&hellip;<\/p>\n","protected":false},"author":1,"featured_media":0,"parent":0,"menu_order":0,"comment_status":"closed","ping_status":"open","template":"","meta":[],"_links":{"self":[{"href":"https:\/\/dental-clinic.ancorathemes.com\/wp-json\/wp\/v2\/pages\/2"}],"collection":[{"href":"https:\/\/dental-clinic.ancorathemes.com\/wp-json\/wp\/v2\/pages"}],"about":[{"href":"https:\/\/dental-clinic.ancorathemes.com\/wp-json\/wp\/v2\/types\/page"}],"author":[{"embeddable":true,"href":"https:\/\/dental-clinic.ancorathemes.com\/wp-json\/wp\/v2\/users\/1"}],"replies":[{"embeddable":true,"href":"https:\/\/dental-clinic.ancorathemes.com\/wp-json\/wp\/v2\/comments?post=2"}],"version-history":[{"count":0,"href":"https:\/\/dental-clinic.ancorathemes.com\/wp-json\/wp\/v2\/pages\/2\/revisions"}],"wp:attachment":[{"href":"https:\/\/dental-clinic.ancorathemes.com\/wp-json\/wp\/v2\/media?parent=2"}],"curies":[{"name":"wp","href":"https:\/\/api.w.org\/{rel}","templated":true}]}}